Region,total_sales,average_sales,num_orders
Central,3468156,1492.9642703400775,2323
East,4248368,1491.7022471910113,2848
North,1254,1254.0,1
South,2440461,1507.3878937615812,1619
West,4798743,1498.2026225413674,3203
